"","orig.ident","study","organ","cancer","model","sorting","site","platform","modelType"
"ERS5634456_cell_4075","ERS5634456","E-MTAB-10043","Breast","Breast","BlgCre;Brca1fl/fl;Trp53fl/+","unsorted","tumor","10X","GEMM"
"ERS5634459_cell_1391","ERS5634459","E-MTAB-10043","Breast","Breast","BlgCre;Brca1fl/fl;Trp53fl/+","unsorted","normal","10X","GEMM"
"ERS5634461_cell_754","ERS5634461","E-MTAB-10043","Breast","Breast","BlgCre;Brca1fl/fl;Trp53fl/+","unsorted","normal","10X","GEMM"
"ERS5634463_cell_58272","ERS5634463","E-MTAB-10043","Breast","Breast","BlgCre;Brca1fl/fl;Trp53fl/+","unsorted","tumor","10X","GEMM"
"ERS5634464_cell_2045","ERS5634464","E-MTAB-10043","Breast","Breast","BlgCre;Brca1fl/fl;Trp53fl/+","unsorted","normal","10X","GEMM"
"ERS5634466_cell_2093","ERS5634466","E-MTAB-10043","Breast","Breast","BlgCre;Brca1fl/fl;Trp53fl/+","unsorted","normal","10X","GEMM"
"ERS5634469_cell_1384","ERS5634469","E-MTAB-10043","Breast","Breast","BlgCre;Brca1fl/fl;Trp53fl/+","unsorted","normal","10X","GEMM"
"ERS5634470_cell_13495","ERS5634470","E-MTAB-10043","Breast","Breast","BlgCre;Brca1fl/fl;Trp53fl/+","unsorted","normal","10X","GEMM"
"ERS5634472_cell_671","ERS5634472","E-MTAB-10043","Breast","Breast","BlgCre;Brca1fl/fl;Trp53fl/+","unsorted","normal","10X","GEMM"
"ERS5634474_cell_1722","ERS5634474","E-MTAB-10043","Breast","Breast","BlgCre;Brca1fl/fl;Trp53fl/+","unsorted","normal","10X","GEMM"
"ERS5634476_cell_2566","ERS5634476","E-MTAB-10043","Breast","Breast","BlgCre;Brca1fl/fl;Trp53fl/+","unsorted","normal","10X","GEMM"
"ERS5634478_cell_2900","ERS5634478","E-MTAB-10043","Breast","Breast","BlgCre;Brca1fl/fl;Trp53fl/+","unsorted","normal","10X","GEMM"
"ERS5634480_cell_1581","ERS5634480","E-MTAB-10043","Breast","Breast","BlgCre;Brca1fl/fl;Trp53fl/+","unsorted","normal","10X","GEMM"
"ERS5634482_cell_12117","ERS5634482","E-MTAB-10043","Breast","Breast","BlgCre;Brca1fl/fl;Trp53fl/+","unsorted","normal","10X","GEMM"
"GSM3532982_GTCCACATAACA","GSM3532982","GSE124425","Head and neck","HNSCC","K14Cre;B-cateninfl/+;Bmpr1afl/fl","unsorted","tumor","Drop-seq","GEMM"
"GSM3532983_CTATGTTCTGGN","GSM3532983","GSE124425","Head and neck","HNSCC","K14Cre","unsorted","normal","Drop-seq","GEMM"
"GSM3532984_GAGTCGGCAGAC","GSM3532984","GSE124425","Head and neck","HNSCC","K14Cre","unsorted","normal","Drop-seq","GEMM"
"GSM3532985_CTGCTCCTTGAC","GSM3532985","GSE124425","Head and neck","HNSCC","K14Cre;B-cateninfl/+;Bmpr1afl/fl","unsorted","tumor","Drop-seq","GEMM"
"GSM3532986_TTGTCCACAGTC","GSM3532986","GSE124425","Head and neck","HNSCC","K14Cre","unsorted","normal","Drop-seq","GEMM"
"GSM3532987_AGCAGAATCGCA","GSM3532987","GSE124425","Head and neck","HNSCC","K14Cre","unsorted","normal","Drop-seq","GEMM"
"GSM3532988_ACCAAGATGGAT","GSM3532988","GSE124425","Head and neck","HNSCC","K14Cre;B-cateninfl/+;Bmpr1afl/fl","unsorted","tumor","Drop-seq","GEMM"
"GSM3532989_AAACTCCAGACC","GSM3532989","GSE124425","Head and neck","HNSCC","K14Cre","unsorted","normal","Drop-seq","GEMM"
"GSM3532990_CTGTGCGACTGC","GSM3532990","GSE124425","Head and neck","HNSCC","K14Cre","unsorted","normal","Drop-seq","GEMM"
"GSM3532991_TGGTTTGAGCCT","GSM3532991","GSE124425","Head and neck","HNSCC","K14Cre;B-cateninfl/+;Bmpr1afl/fl","unsorted","tumor","Drop-seq","GEMM"
"GSM3532992_CCTCATCCCACC","GSM3532992","GSE124425","Head and neck","HNSCC","K14Cre;B-cateninfl/+;Bmpr1afl/fl","unsorted","tumor","Drop-seq","GEMM"
"GSM3532993_CAGCCCTGGCAT","GSM3532993","GSE124425","Head and neck","HNSCC","K14Cre;B-cateninfl/+;Bmpr1afl/fl","unsorted","tumor","Drop-seq","GEMM"
"GSM3532994_CCTACCGTGTGT","GSM3532994","GSE124425","Head and neck","HNSCC","K14Cre;B-cateninfl/+;Bmpr1afl/fl","unsorted","tumor","Drop-seq","GEMM"
"GSM3532995_ATCGTCGGTGTC","GSM3532995","GSE124425","Head and neck","HNSCC","K14Cre;B-cateninfl/+;Bmpr1afl/fl","unsorted","tumor","Drop-seq","GEMM"
"GSM3532996_AGCTCCTATCCN","GSM3532996","GSE124425","Head and neck","HNSCC","K14Cre","unsorted","normal","Drop-seq","GEMM"
"GSM3532997_CGTGCTGTTATG","GSM3532997","GSE124425","Head and neck","HNSCC","K14Cre","unsorted","normal","Drop-seq","GEMM"
"GSM3532998_GCATTAACCCGG","GSM3532998","GSE124425","Head and neck","HNSCC","K14Cre;B-cateninfl/+;Bmpr1afl/fl","unsorted","tumor","Drop-seq","GEMM"
"GSM3532999_AGGTCGATAATG","GSM3532999","GSE124425","Head and neck","HNSCC","K14Cre;B-cateninfl/+;Bmpr1afl/fl","unsorted","tumor","Drop-seq","GEMM"
"GSM3533000_TTAGACATTGTC","GSM3533000","GSE124425","Head and neck","HNSCC","K14Cre;B-cateninfl/+;Bmpr1afl/fl","unsorted","tumor","Drop-seq","GEMM"
"GSM3533001_CCGCCTTGAGCC","GSM3533001","GSE124425","Head and neck","HNSCC","K14Cre;B-cateninfl/+;Bmpr1afl/fl","unsorted","tumor","Drop-seq","GEMM"
"GSM3533002_GAGTACGGAGTC","GSM3533002","GSE124425","Head and neck","HNSCC","K14Cre","unsorted","normal","Drop-seq","GEMM"
"GSM3533003_CCGTCAGACCGC","GSM3533003","GSE124425","Head and neck","HNSCC","K14Cre;B-cateninfl/+;Bmpr1afl/fl","unsorted","tumor","Drop-seq","GEMM"
"GSM3533004_CATACGAATCTC","GSM3533004","GSE124425","Head and neck","HNSCC","K14Cre","unsorted","normal","Drop-seq","GEMM"
"GSM3533005_CAGGGTCTCCGC","GSM3533005","GSE124425","Head and neck","HNSCC","K14Cre;B-cateninfl/+;Bmpr1afl/fl","unsorted","tumor","Drop-seq","GEMM"
"GSM3533006_ACTCGCGACTGG","GSM3533006","GSE124425","Head and neck","HNSCC","K14Cre","unsorted","normal","Drop-seq","GEMM"
"GSM3533007_GCAGTGCACCTC","GSM3533007","GSE124425","Head and neck","HNSCC","K14Cre","unsorted","normal","Drop-seq","GEMM"
"GSM4095150_TTCGGTGTACCC","GSM4095150","GSE124425","Head and neck","HNSCC","K14Cre;B-cateninfl/+;Bmpr1afl/fl","unsorted","tumor","Drop-seq","GEMM"
"GSM4095151_AAGGGCAGTACT","GSM4095151","GSE124425","Head and neck","HNSCC","K14Cre;B-cateninfl/+;Bmpr1afl/fl","unsorted","tumor","Drop-seq","GEMM"
"GSM4095152_CCAGTTGACGCC","GSM4095152","GSE124425","Head and neck","HNSCC","K14Cre","unsorted","normal","Drop-seq","GEMM"
"GSM4095153_AGGAACATTAAC","GSM4095153","GSE124425","Head and neck","HNSCC","K14Cre","unsorted","normal","Drop-seq","GEMM"
"GSM3577882_AAAGCAAAGACTAAGT-1","GSM3577882","GSE125588","Pancreas","PDAC","WT","unsorted","normal","10X","Normal"
"GSM3577883_AAACCTGCAAGGTTTC-1","GSM3577883","GSE125588","Pancreas","PDAC","Ptf1aCreER;LSL-KrasG12D/+;Ink4afl/fl","unsorted","tumor","10X","GEMM"
"GSM3577884_AAACGGGCACTGTTAG-1","GSM3577884","GSE125588","Pancreas","PDAC","Ptf1aCreER;LSL-KrasG12D/+;Ink4afl/fl","unsorted","tumor","10X","GEMM"
"GSM3577885_AAAGATGCACCATGTA-1","GSM3577885","GSE125588","Pancreas","PDAC","Pdx1Cre;LSL-KrasG12D/+;Trp53fl/fl","unsorted","tumor","10X","GEMM"
"GSM3577886_AAAGCAAAGCTCCTCT-1","GSM3577886","GSE125588","Pancreas","PDAC","Ptf1aCreER;LSL-KrasG12D/+;LSL-Trp53R172H/+","unsorted","tumor","10X","GEMM"
"GSM3940486_bcAMBG","GSM3940486","GSE134255","Colon","CRC","AOM/DSS","unsorted","tumor","inDrop","Environmental"
"GSM3940487_bcDFCB","GSM3940487","GSE134255","Colon","CRC","AOM/DSS","unsorted","tumor","inDrop","Environmental"
"GSM3940488_bcDUKQ","GSM3940488","GSE134255","Colon","CRC","AOM/DSS","unsorted","tumor","inDrop","Environmental"
"GSM3940490_bcHNZU","GSM3940490","GSE134255","Colon","CRC","Lrig1CreER;Apcfl/+","unsorted","tumor","inDrop","GEMM"
"GSM3940491_bcCQZR","GSM3940491","GSE134255","Colon","CRC","WT","unsorted","normal","inDrop","Normal"
"GSM3940492_bcDOMC","GSM3940492","GSE134255","Colon","CRC","WT","unsorted","normal","inDrop","Normal"
"GSM3940494_bcAYBM","GSM3940494","GSE134255","Colon","CRC","Lrig1CreER;Apcfl/+","unsorted","tumor","inDrop","GEMM"
"GSM3985845_TCGTAACTGCGC","GSM3985845","GSE135096","Breast","Breast","MMTV-PyMT","unsorted","tumor","Drop-seq","GEMM"
"GSM3985846_CTGATTAGCCTT","GSM3985846","GSE135096","Breast","Breast","MMTV-PyMT","unsorted","tumor","Drop-seq","GEMM"
"GSM3985847_CAAGCAGAGTCN","GSM3985847","GSE135096","Breast","Breast","MMTV-PyMT","unsorted","tumor","Drop-seq","GEMM"
"GSM3985848_GCCTAGGCTCTG","GSM3985848","GSE135096","Breast","Breast","MMTV-PyMT","unsorted","tumor","Drop-seq","GEMM"
"GSM3985849_AAGATACGACAC","GSM3985849","GSE135096","Breast","Breast","MMTV-PyMT","unsorted","tumor","Drop-seq","GEMM"
"GSM4043230_bcIDXC","GSM4043230","GSE136246","Lung","NSCLC","CreAd;LSL-KrasG12D/+;Trp53fl/fl","unsorted","normal","inDrop","GEMM"
"GSM4043231_bcAFOX","GSM4043231","GSE136246","Lung","NSCLC","CreAd;LSL-KrasG12D/+;Trp53fl/fl","unsorted","normal","inDrop","GEMM"
"GSM4043232_bcGKIB","GSM4043232","GSE136246","Lung","NSCLC","CreAd;LSL-KrasG12D/+;Trp53fl/fl","unsorted","tumor","inDrop","GEMM"
"GSM4043233_bcFCNC","GSM4043233","GSE136246","Lung","NSCLC","CreAd;LSL-KrasG12D/+;Trp53fl/fl","unsorted","tumor","inDrop","GEMM"
"GSM4043235_bcFITQ","GSM4043235","GSE136246","Lung","NSCLC","CreAd;LSL-KrasG12D/+;Trp53fl/fl","unsorted","tumor","inDrop","GEMM"
"GSM4293545_CTRL2_CCTACACAGTACTTGC.1","GSM4293545","GSE141017","Pancreas","PDAC","Ptf1aCreER","unsorted","normal","10X","GEMM"
"GSM4293548_X________F20_3M_CACACAACAAACCCAT","GSM4293548","GSE141017","Pancreas","PDAC","Ptf1aCreER;LSL-KrasG12D/+","unsorted","tumor","10X","GEMM"
"GSM4293549_X______FI_3M_ATCATCTGTCGCTTTC","GSM4293549","GSE141017","Pancreas","PDAC","Ptf1aCreER;LSL-KrasG12D/+","unsorted","tumor","10X","GEMM"
"GSM4293550_X__________WT5M1_CCCTCCTAGACACTAA.1","GSM4293550","GSE141017","Pancreas","PDAC","Ptf1aCreER;LSL-KrasG12D/+","unsorted","tumor","10X","GEMM"
"GSM4293551_X______________WT5M2_CCATGTCTCAATCTCT.2","GSM4293551","GSE141017","Pancreas","PDAC","Ptf1aCreER;LSL-KrasG12D/+","unsorted","tumor","10X","GEMM"
"GSM4293553_X________________WT9M_TTGCTGCCAAGCACAG","GSM4293553","GSE141017","Pancreas","PDAC","Ptf1aCreER;LSL-KrasG12D/+","unsorted","tumor","10X","GEMM"
"GSM4293554_X________________WT15M_CTACCCAGTCTGCCTT.1","GSM4293554","GSE141017","Pancreas","PDAC","Ptf1aCreER;LSL-KrasG12D/+","unsorted","tumor","10X","GEMM"
"GSM4367145_4950N_AAAGTAGGTCATCGGC","GSM4367145","GSE146137","Bladder","Bladder","OH-BBN","Cd45-","tumor","10X","Environmental"
"GSM4367147_8524N_AAAGAACGTTGTAAAG","GSM4367147","GSE146137","Bladder","Bladder","OH-BBN","Cd45-","tumor","10X","Environmental"
"GSM4367149_8525N_AAAGGATAGTAGTCAA","GSM4367149","GSE146137","Bladder","Bladder","OH-BBN","Cd45-","tumor","10X","Environmental"
"GSM4471590_CGCTCGTGTCAT","GSM4471590","GSE148445","Breast","Breast","MMTV-PyMT;HK2fl/fl","unsorted","tumor","Drop-seq","GEMM"
"GSM4471591_ACCGCCAGTCGC","GSM4471591","GSE148445","Breast","Breast","MMTV-PyMT;HK2fl/fl","unsorted","tumor","Drop-seq","GEMM"
"GSM4471592_CCACGCTGGTTC","GSM4471592","GSE148445","Breast","Breast","MMTV-PyMT;HK2fl/fl","unsorted","tumor","Drop-seq","GEMM"
"GSM4471593_TGAGGCTGCCGG","GSM4471593","GSE148445","Breast","Breast","MMTV-PyMT;HK2fl/fl","unsorted","tumor","Drop-seq","GEMM"
"GSM4471594_GACCCGAGAGGT","GSM4471594","GSE148445","Breast","Breast","MMTV-PyMT;HK2fl/fl","unsorted","tumor","Drop-seq","GEMM"
"GSM4471595_CAACGCTAGACC","GSM4471595","GSE148445","Breast","Breast","MMTV-PyMT;HK2fl/fl","unsorted","tumor","Drop-seq","GEMM"
"GSM4471596_AATGACTTGTAG","GSM4471596","GSE148445","Breast","Breast","MMTV-PyMT;HK2fl/fl","unsorted","tumor","Drop-seq","GEMM"
"GSM4471597_GCCTGAATCCTC","GSM4471597","GSE148445","Breast","Breast","MMTV-PyMT;HK2fl/fl","unsorted","tumor","Drop-seq","GEMM"
"GSM4491589_AAACCCACAGGAGGAG-1","GSM4491589","GSE149180","Lung","SCLC","CreAd;Rb1fl/fl;Trp53fl/fl;LSL-MycT58A/LSL-MycT58A","unsorted","tumor","10X","GEMM"
"GSM4491590_AAACGCTCAATAACCC-1","GSM4491590","GSE149180","Lung","SCLC","CreAd;Rb1fl/fl;Trp53fl/fl;LSL-MycT58A/LSL-MycT58A","unsorted","tumor","10X","GEMM"
"GSM4491591_AAAGAACAGTAACAGT-1","GSM4491591","GSE149180","Lung","SCLC","CreAd;Rb1fl/fl;Trp53fl/fl;LSL-MycT58A/LSL-MycT58A","unsorted","tumor","10X","GEMM"
"GSM4491592_AAACCCACAGAGGGTT-1","GSM4491592","GSE149180","Lung","SCLC","CreAd;Rb1fl/fl;Trp53fl/fl;LSL-MycT58A/LSL-MycT58A","unsorted","tumor","10X","GEMM"
"GSM4801307_AACCCAATCGCTCTAC","GSM4801307","GSE151426","Prostate","Prostate","PbCre;Ptenfl/fl;Rb1fl/fl","unsorted","tumor","10X","GEMM"
"GSM4801308_AAAGTCCCACGTCATA","GSM4801308","GSE151426","Prostate","Prostate","PbCre;Ptenfl/fl;Rb1fl/fl;LSL-MYCN","unsorted","tumor","10X","GEMM"
"GSM4801309_AAACGCTAGAGTCACG","GSM4801309","GSE151426","Prostate","Prostate","PbCre;Ptenfl/fl;Rb1fl/fl;LSL-MYCN","unsorted","tumor","10X","GEMM"
"GSM4801310_AAACGCTAGAAGGCTC","GSM4801310","GSE151426","Prostate","Prostate","PbCre;Ptenfl/fl;Rb1fl/fl","unsorted","tumor","10X","GEMM"
"GSM4801311_AAACCCACATTCACCC","GSM4801311","GSE151426","Prostate","Prostate","PbCre;Ptenfl/fl;Rb1fl/fl","unsorted","tumor","10X","GEMM"
"GSM4801312_AACAAAGAGCTTGTTG","GSM4801312","GSE151426","Prostate","Prostate","PbCre;Ptenfl/fl;Rb1fl/fl;LSL-MYCN","unsorted","tumor","10X","GEMM"
"GSM4628207_AAACCTGCAAGCCTAT-1","GSM4628207","GSE152866","Breast","Breast","MMTVCre;Brca1fl/fl;Trp53fl/+","Epcam-","tumor","10X","GEMM"
"GSM4628208_AAAGATGAGAGTAAGG-1","GSM4628208","GSE152866","Breast","Breast","MMTVCre;Brca1fl/fl;Trp53fl/+","Epcam-","tumor","10X","GEMM"
"GSM4628209_AAACGGGTCGTTTAGG-1","GSM4628209","GSE152866","Breast","Breast","MMTVCre;Brca1fl/fl;Trp53fl/+","Epcam-","tumor","10X","GEMM"
"GSM4628210_AAAGCAAAGAGAACAG-1","GSM4628210","GSE152866","Breast","Breast","MMTVCre;Brca1fl/fl;Trp53fl/+","Epcam-","tumor","10X","GEMM"
"GSM4665446_AACTGGTGTACACCGC-1","GSM4665446","GSE154170","Liver","CCA","Plasmid YapS127A/myr-AKT","Col1a1-GFP+","tumor","10X","GEMM"
"GSM4665447_AAACCCAAGGAGGTTC-1","GSM4665447","GSE154170","Liver","CCA","Plasmid KRASG12D/p19","70% Col1a1-GFP+, 30% unsorted","tumor","10X","GEMM"
"GSM5023597_AACAAAGCAAATGAGT-1","GSM5023597","GSE154170","Liver","CCA","Plasmid YapS127A/myr-AKT","70% Col1a1-GFP+, 30% unsorted","tumor","10X","GEMM"
"GSM5023598_AAAGGTATCACTGATG-1","GSM5023598","GSE154170","Liver","CCA","Plasmid YapS127A/myr-AKT","Col1a1-GFP+","tumor","10X","GEMM"
"GSM4805459_WT.T1_CCATGTGAAATT","GSM4805459","GSE158677","Breast","Breast","MMTV-PyMT","unsorted","tumor","Drop-seq","GEMM"
"GSM4805460_WT.T2_CTCCTGTTGAGG","GSM4805460","GSE158677","Breast","Breast","MMTV-PyMT","unsorted","tumor","Drop-seq","GEMM"
"GSM4805461_WT.T3_GCCGGTGCTGAA","GSM4805461","GSE158677","Breast","Breast","MMTV-PyMT","unsorted","tumor","Drop-seq","GEMM"
"GSM4805462_WT.T4_TGAAGATAAGCA","GSM4805462","GSE158677","Breast","Breast","MMTV-PyMT","unsorted","tumor","Drop-seq","GEMM"
"GSM4805463_WT.T5_TGTATAACACTC","GSM4805463","GSE158677","Breast","Breast","MMTV-PyMT","unsorted","tumor","Drop-seq","GEMM"
"GSM4962845_AAAGATGAGATGGCGT-4","GSM4962845","GSE162847","Muscle","UPS","CreAd;LSL-KrasG12D/+;Trp53fl/fl","side population","tumor","10X","GEMM"
"GSM4962846_AACTCCCCATATACGC-5","GSM4962846","GSE162847","Muscle","UPS","CreAd;LSL-KrasG12D/+;Trp53fl/fl","non side population","tumor","10X","GEMM"
"GSM4962847_AAACCTGAGATCACGG-1","GSM4962847","GSE162847","Muscle","UPS","CreAd;LSL-KrasG12D/+;Trp53fl/fl","non side population","tumor","10X","GEMM"
"GSM4962848_AAACCTGGTGGAAAGA-1","GSM4962848","GSE162847","Muscle","UPS","CreAd;LSL-KrasG12D/+;Trp53fl/fl","side population","tumor","10X","GEMM"
"GSM4962849_AAACCTGCAGATCGGA-1","GSM4962849","GSE162847","Muscle","UPS","CreAd;LSL-KrasG12D/+;Trp53fl/fl","side population","tumor","10X","GEMM"
"GSM4962850_AACACGTCAACACGCC-2","GSM4962850","GSE162847","Muscle","UPS","CreAd;LSL-KrasG12D/+;Trp53fl/fl","non side population","tumor","10X","GEMM"
"GSM5035486_KPC920PRIALL_CACATTTGTGACTACT","GSM5035486","GSE165534","Pancreas","PDAC","Pdx1Cre;LSL-KrasG12D/+;LSL-Trp53R172H/+","unsorted","tumor","10X","GEMM"
"GSM5035488_KPC971PRIALL_AGAGCGAAGTCGTACT","GSM5035488","GSE165534","Pancreas","PDAC","Pdx1Cre;LSL-KrasG12D/+;LSL-Trp53R172H/+","unsorted","tumor","10X","GEMM"
"GSM5035491_KPC631PRIALL_AAAGATGTCCAAGTAC","GSM5035491","GSE165534","Pancreas","PDAC","Pdx1Cre;LSL-KrasG12D/+;LSL-Trp53R172H/+","unsorted","tumor","10X","GEMM"
"GSM5035494_KPC841PRIALL_AAACCTGGTTCAACCA","GSM5035494","GSE165534","Pancreas","PDAC","Pdx1Cre;LSL-KrasG12D/+;LSL-Trp53R172H/+","unsorted","tumor","10X","GEMM"
"GSM5035497_KPC177ALL_AAACCTGAGACAAAGG","GSM5035497","GSE165534","Pancreas","PDAC","Pdx1Cre;LSL-KrasG12D/+;LSL-Trp53R172H/+","unsorted","tumor","10X","GEMM"
"GSM5035505_KPC739PRIALL_AAACCTGAGAGCAATT","GSM5035505","GSE165534","Pancreas","PDAC","Pdx1Cre;LSL-KrasG12D/+;LSL-Trp53R172H/+","unsorted","tumor","10X","GEMM"
"GSM5068072_KPPF_AAACGGGAGTCCAGGA_1","GSM5068072","GSE166298","Pancreas","PDAC","Pdx1Flp;FSF-KrasG12D/+;Trp53frt/frt","unsorted","tumor","10X","GEMM"
"GSM5068073_KPPF_AAACGGGAGCGATAGC_2","GSM5068073","GSE166298","Pancreas","PDAC","Pdx1Flp;FSF-KrasG12D/+;Trp53frt/frt","unsorted","tumor","10X","GEMM"
"GSM5068074_KPPF_AAATGCCCAGGCTGAA_3","GSM5068074","GSE166298","Pancreas","PDAC","Pdx1Flp;FSF-KrasG12D/+;Trp53frt/frt","unsorted","tumor","10X","GEMM"
"GSM5223637_AAAGATGGTCGGATCC","GSM5223637","GSE171336","Prostate","Prostate","WT","unsorted","normal","10X","Normal"
"GSM5223638_AACCGCGTCGGTGTCG","GSM5223638","GSE171336","Prostate","Prostate","WT","unsorted","normal","10X","Normal"
"GSM5223639_AAACGGGAGGCCCTCA","GSM5223639","GSE171336","Prostate","Prostate","WT","unsorted","normal","10X","Normal"
"GSM5223640_AAACCTGTCACGACTA","GSM5223640","GSE171336","Prostate","Prostate","PbCre;Ptenfl/fl","unsorted","tumor","10X","GEMM"
"GSM5223641_AAAGATGTCACTTACT","GSM5223641","GSE171336","Prostate","Prostate","PbCre;Ptenfl/fl","unsorted","tumor","10X","GEMM"
"GSM5288668_AAACCCACAAGCAATA-1","GSM5288668","GSE174182","Bladder","Bladder","Hgf+/-;Cdk4R24C/R24C + OH-BBN","unsorted","tumor","10X","GEMM"
"GSM5288669_AAATGGATCGCATTGA-1","GSM5288669","GSE174182","Bladder","Bladder","Hgf+/-;Cdk4R24C/R24C + OH-BBN","unsorted","tumor","10X","GEMM"
"GSM5288670_AAACCCAAGTATAACG-1","GSM5288670","GSE174182","Bladder","Bladder","Hgf+/-;Cdk4R24C/R24C + OH-BBN","unsorted","tumor","10X","GEMM"
"GSM5288671_AAACGAAGTCATGCAT-1","GSM5288671","GSE174182","Bladder","Bladder","Hgf+/-;Cdk4R24C/R24C + OH-BBN","unsorted","tumor","10X","GEMM"
"GSM5288672_AACAAAGCAGTCAACT-1","GSM5288672","GSE174182","Bladder","Bladder","WT","unsorted","normal","10X","Normal"
"GSM5288673_AAAGTCCCAGTTCCAA-1","GSM5288673","GSE174182","Bladder","Bladder","Orthotopic MB49","unsorted","tumor","10X","Orthotopic"
"GSM5404413_GGCCCGGATGCA","GSM5404413","GSE179041","Nerve","MPNST","DhhCre;Lats1fl/+;Lats2fl/+","unsorted","tumor","Drop-seq","GEMM"
"GSM5404414_TGTTAAGCGCGC","GSM5404414","GSE179041","Nerve","MPNST","DhhCre;Lats1fl/+;Lats2fl/+","unsorted","tumor","Drop-seq","GEMM"
"GSM5404417_CCTCGAACGGCA","GSM5404417","GSE179041","Nerve","MPNST","DhhCre;Lats1fl/+;Lats2fl/+","unsorted","tumor","Drop-seq","GEMM"
"GSM5404418_CTTGTGTCCCAG","GSM5404418","GSE179041","Nerve","MPNST","DhhCre;Lats1fl/+;Lats2fl/+","unsorted","tumor","Drop-seq","GEMM"
"GSM5404422_CGGCGGGCTGTA","GSM5404422","GSE179041","Nerve","MPNST","DhhCre;Lats1fl/+;Lats2fl/+","unsorted","tumor","Drop-seq","GEMM"
"GSM5404423_CGAAGCACATCA","GSM5404423","GSE179041","Nerve","MPNST","DhhCre;Lats1fl/+;Lats2fl/+","unsorted","tumor","Drop-seq","GEMM"
"GSM5406975_TCGTGGGT-GGGAACCT","GSM5406975","GSE179111","Skin","Melanoma","Orthotopic D4M.3A-pOVA","unsorted","tumor","inDrop","Orthotopic"
"GSM5406976_TAGGCTTT-ATACTCTT","GSM5406976","GSE179111","Skin","Melanoma","Orthotopic D4M.3A-pOVA","unsorted","tumor","inDrop","Orthotopic"
"GSM5406977_ACGGAGCA-AACAATCC","GSM5406977","GSE179111","Skin","Melanoma","Orthotopic D4M.3A-pOVA","unsorted","tumor","inDrop","Orthotopic"
"GSM5406978_TCGACTGC-CACAACAG","GSM5406978","GSE179111","Skin","Melanoma","Orthotopic D4M.3A-pOVA","unsorted","tumor","inDrop","Orthotopic"
"GSM5406979_TCAGCCTC-AATGAATG","GSM5406979","GSE179111","Skin","Melanoma","Orthotopic D4M.3A-pOVA","unsorted","tumor","inDrop","Orthotopic"
"GSM5406980_AGAGGTGC-ATTTCCGG","GSM5406980","GSE179111","Skin","Melanoma","Orthotopic D4M.3A-pOVA","unsorted","tumor","inDrop","Orthotopic"
"GSM5406981_GGATTGTT-TTTAACAG","GSM5406981","GSE179111","Skin","Melanoma","Orthotopic D4M.3A-pOVA","unsorted","tumor","inDrop","Orthotopic"
"GSM5406982_CGAAACTC-GGTGACAC","GSM5406982","GSE179111","Skin","Melanoma","Orthotopic D4M.3A-pOVA","unsorted","tumor","inDrop","Orthotopic"
"GSM5655247_AAACCCAAGCTACTAC-1","GSM5655247","GSE179705","Breast","Breast","MMTV-PyMT","unsorted","tumor","10X","GEMM"
"GSM5472149_AACCATGAGAACAATC-1","GSM5472149","GSE180859","Pancreas","PDAC","Pdx1Cre;LSL-KrasG12D/+;LSL-Trp53R172H/+","unsorted","tumor","10X","GEMM"
"GSM5472150_AACGTTGGTCTAACGT-1","GSM5472150","GSE180859","Pancreas","PDAC","Pdx1Cre;LSL-KrasG12D/+;LSL-Trp53R172H/+","unsorted","tumor","10X","GEMM"
"GSM5472151_AAATGCCCATAGGATA-1","GSM5472151","GSE180859","Pancreas","PDAC","Pdx1Cre;LSL-KrasG12D/+;LSL-Trp53R172H/+","unsorted","tumor","10X","GEMM"
"GSM5472152_ACGGCCAGTGACGGTA-1","GSM5472152","GSE180859","Pancreas","PDAC","Pdx1Cre;LSL-KrasG12D/+;LSL-Trp53R172H/+","unsorted","tumor","10X","GEMM"
"GSM5472153_AAACCTGAGCCACGTC-1","GSM5472153","GSE180859","Pancreas","PDAC","Pdx1Cre;LSL-KrasG12D/+;LSL-Trp53R172H/+","unsorted","tumor","10X","GEMM"
"GSM5472154_ACATGGTCACCTCGGA-1","GSM5472154","GSE180859","Pancreas","PDAC","Pdx1Cre;LSL-KrasG12D/+;LSL-Trp53R172H/+","unsorted","tumor","10X","GEMM"
"GSM5472155_AACGTTGGTGAACCTT-1","GSM5472155","GSE180859","Pancreas","PDAC","Pdx1Cre;LSL-KrasG12D/+;LSL-Trp53R172H/+","unsorted","tumor","10X","GEMM"
"GSM5472157_ACATGGTAGGTGACCA-1","GSM5472157","GSE180859","Pancreas","PDAC","Pdx1Cre;LSL-KrasG12D/+;LSL-Trp53R172H/+","unsorted","tumor","10X","GEMM"
"GSM5472158_AAACGGGTCTGCGACG-1","GSM5472158","GSE180859","Pancreas","PDAC","Pdx1Cre;LSL-KrasG12D/+;LSL-Trp53R172H/+","unsorted","tumor","10X","GEMM"
"GSM5472159_AAACCTGCAATAGCGG-1","GSM5472159","GSE180859","Pancreas","PDAC","Pdx1Cre;LSL-KrasG12D/+;LSL-Trp53R172H/+","unsorted","tumor","10X","GEMM"
"GSM5472160_AACGTTGGTGCCTGTG-1","GSM5472160","GSE180859","Pancreas","PDAC","Pdx1Cre;LSL-KrasG12D/+;LSL-Trp53R172H/+","unsorted","tumor","10X","GEMM"
"GSM5472161_AACTCAGTCTATCGCC-1","GSM5472161","GSE180859","Pancreas","PDAC","Pdx1Cre;LSL-KrasG12D/+;LSL-Trp53R172H/+","unsorted","tumor","10X","GEMM"
"GSM5472162_AACGTTGAGTCCATAC-1","GSM5472162","GSE180859","Pancreas","PDAC","Pdx1Cre;LSL-KrasG12D/+;LSL-Trp53R172H/+","unsorted","tumor","10X","GEMM"
"GSM5472163_AACACGTGTTAGTGGG-1","GSM5472163","GSE180859","Pancreas","PDAC","Pdx1Cre;LSL-KrasG12D/+;LSL-Trp53R172H/+","unsorted","tumor","10X","GEMM"
"GSM5472164_AAACCTGTCAACGGGA-1","GSM5472164","GSE180859","Pancreas","PDAC","Pdx1Cre;LSL-KrasG12D/+;LSL-Trp53R172H/+","unsorted","tumor","10X","GEMM"
"GSM5472165_AAACCTGTCCAACCAA-1","GSM5472165","GSE180859","Pancreas","PDAC","WT","unsorted","normal","10X","Normal"
"GSM5472166_AAATGCCAGGACAGAA-1","GSM5472166","GSE180859","Pancreas","PDAC","WT","unsorted","normal","10X","Normal"
"GSM5472167_AACTCAGTCCTCGCAT-1","GSM5472167","GSE180859","Pancreas","PDAC","WT","unsorted","normal","10X","Normal"
"GSM5472168_AAACCTGGTCATGCCG-1","GSM5472168","GSE180859","Pancreas","PDAC","WT","unsorted","normal","10X","Normal"
"GSM5472169_AACCATGGTGGCAAAC-1","GSM5472169","GSE180859","Pancreas","PDAC","WT","unsorted","normal","10X","Normal"
"GSM5472170_AGCGGTCTCATGTCTT-1","GSM5472170","GSE180859","Pancreas","PDAC","WT","unsorted","normal","10X","Normal"
"GSM5472172_AAAGATGAGTTGAGAT-1","GSM5472172","GSE180859","Pancreas","PDAC","WT","unsorted","normal","10X","Normal"
"GSM5472173_CTAGAGTGTTCTGTTT-1","GSM5472173","GSE180859","Pancreas","PDAC","WT","unsorted","normal","10X","Normal"
"GSM5472174_AACCGCGAGGGAAACA-1","GSM5472174","GSE180859","Pancreas","PDAC","WT","unsorted","normal","10X","Normal"
"GSM5472175_GCGCGATTCTTACCTA-1","GSM5472175","GSE180859","Pancreas","PDAC","WT","unsorted","normal","10X","Normal"
"GSM5472176_ATAGACCTCGTTACGA-1","GSM5472176","GSE180859","Pancreas","PDAC","WT","unsorted","normal","10X","Normal"
"GSM5528222_AAACCTGAGAGTTGGC-1","GSM5528222","GSE182388","Breast","Breast","C3(1)/Tag","unsorted","tumor","10X","GEMM"
"GSM5528223_AAAGATGAGGACAGAA-1","GSM5528223","GSE182388","Breast","Breast","C3(1)/Tag","unsorted","tumor","10X","GEMM"
"GSM5528224_AAACCTGCAAAGGCGT-1","GSM5528224","GSE182388","Breast","Breast","C3(1)/Tag","unsorted","tumor","10X","GEMM"
"GSM5528225_AAAGTAGGTCTCACCT-1","GSM5528225","GSE182388","Breast","Breast","C3(1)/Tag","unsorted","tumor","10X","GEMM"
"GSM5690469_ros1148_cell3","GSM5690469","GSE188815","Muscle","Rhabdoid","Rosa26CreER;Smarcb1fl/fl","unsorted","tumor","10X","GEMM"
"GSM5690470_sox568_cell10","GSM5690470","GSE188815","Muscle","Rhabdoid","Sox2CreER;Smarcb1fl/fl","unsorted","tumor","10X","GEMM"
"GSM5690471_sox593_cell3","GSM5690471","GSE188815","Muscle","Rhabdoid","Sox2CreER;Smarcb1fl/fl","unsorted","tumor","10X","GEMM"
"GSM5799922_AAACCTGTCCAAGTAC-1","GSM5799922","GSE193416","Pancreas","PDAC","Pdx1Flp;FSF-KrasG12D/+;Trp53frt/frt","unsorted","tumor","10X","GEMM"
"GSM5799923_AAATGCCTCACTTACT-1","GSM5799923","GSE193416","Pancreas","PDAC","Pdx1Flp;FSF-KrasG12D/+;Trp53frt/frt","unsorted","tumor","10X","GEMM"
"GSM5799924_AAACCTGAGCTGAACG-1","GSM5799924","GSE193416","Pancreas","PDAC","Pdx1Flp;FSF-KrasG12D/+;Trp53frt/frt","unsorted","tumor","10X","GEMM"
"GSM5956398_AAACGGGCACGTAAGG-1","GSM5956398","GSE198758","Colon","CRC","WT","unsorted","normal","10X","Normal"
"GSM5956399_AAAGGGCAGCACGATG-1","GSM5956399","GSE198758","Colon","CRC","Orthotopic Apc/Trp53/KrasG12D/Smad4 organoids","unsorted","tumor","10X","Orthotopic"
"GSM5956400_AAAGATGAGATGGCGT-1","GSM5956400","GSE198758","Colon","CRC","AOM/DSS","unsorted","tumor","10X","Environmental"
"GSM5956401_AAAGATGAGCGATTCT-1","GSM5956401","GSE198758","Colon","CRC","ApcMin","unsorted","tumor","10X","GEMM"
"GSM5957340_KPCO286_AAAGATGGTGACTCAT.1","GSM5957340","GSE198815","Pancreas","PDAC","Pdx1Cre;LSL-KrasG12D/+;LSL-Trp53R172H/+","unsorted","tumor","10X","GEMM"
"GSM5957341_KPCO892_AAGTCTGGTATCACCA.1","GSM5957341","GSE198815","Pancreas","PDAC","Pdx1Cre;LSL-KrasG12D/+;LSL-Trp53R172H/+","unsorted","tumor","10X","GEMM"
"GSM5957342_KPC314BALL_AGCCTAACAGGACGTA.1","GSM5957342","GSE198815","Pancreas","PDAC","Pdx1Cre;LSL-KrasG12D/+;LSL-Trp53R172H/+","unsorted","tumor","10X","GEMM"
"GSM5957343_KPC314BFIBRO_ACATACGCATGTCGAT.1","GSM5957343","GSE198815","Pancreas","PDAC","Pdx1Cre;LSL-KrasG12D/+;LSL-Trp53R172H/+","Cd31-/Cd45-/YFP-","tumor","10X","GEMM"
"GSM5957344_KPC377DALL_CCCATACGTTATCCGA.1","GSM5957344","GSE198815","Pancreas","PDAC","Pdx1Cre;LSL-KrasG12D/+;LSL-Trp53R172H/+","unsorted","tumor","10X","GEMM"
"GSM5957345_KPC377DFIBRO_AACCGCGGTCTGCCAG.1","GSM5957345","GSE198815","Pancreas","PDAC","Pdx1Cre;LSL-KrasG12D/+;LSL-Trp53R172H/+","Cd31-/Cd45-/YFP-","tumor","10X","GEMM"
"GSM5957346_KPC377DRFP_AACCATGTCGCGTAGC.1","GSM5957346","GSE198815","Pancreas","PDAC","Pdx1Cre;LSL-KrasG12D/+;LSL-Trp53R172H/+","RFP+","tumor","10X","GEMM"
"GSM5957347_KPC468BALL_AACGTTGAGGCTAGCA.1","GSM5957347","GSE198815","Pancreas","PDAC","Pdx1Cre;LSL-KrasG12D/+;LSL-Trp53R172H/+","unsorted","tumor","10X","GEMM"
"GSM5957348_KPC468FIBRO_AAATGCCGTAACGACG.1","GSM5957348","GSE198815","Pancreas","PDAC","Pdx1Cre;LSL-KrasG12D/+;LSL-Trp53R172H/+","Cd31-/Cd45-/YFP-","tumor","10X","GEMM"
"GSM5957349_KPC591ALL_ACCCACTAGTGGTAGC.1","GSM5957349","GSE198815","Pancreas","PDAC","Pdx1Cre;LSL-KrasG12D/+;LSL-Trp53R172H/+","unsorted","tumor","10X","GEMM"
"GSM5957350_KPC177ALL_AAACGGGCACCCATGG.1","GSM5957350","GSE198815","Pancreas","PDAC","Pdx1Cre;LSL-KrasG12D/+;LSL-Trp53R172H/+","unsorted","tumor","10X","GEMM"
"GSM5957351_KPC177FIBRO_ACGATACTCACTGGGC.1","GSM5957351","GSE198815","Pancreas","PDAC","Pdx1Cre;LSL-KrasG12D/+;LSL-Trp53R172H/+","Cd31-/Cd45-/YFP-","tumor","10X","GEMM"
"GSM5957352_KPC739FIBRO_CACACCTCAGCCTTTC.1","GSM5957352","GSE198815","Pancreas","PDAC","Pdx1Cre;LSL-KrasG12D/+;LSL-Trp53R172H/+","Cd31-/Cd45-/YFP-","tumor","10X","GEMM"
"GSM5957353_KPC739PRIALL_AAAGATGTCTTGTACT.1","GSM5957353","GSE198815","Pancreas","PDAC","Pdx1Cre;LSL-KrasG12D/+;LSL-Trp53R172H/+","unsorted","tumor","10X","GEMM"
"GSM5974489_AACCATGTCGCTAGCG-1","GSM5974489","GSE199515","Breast","Breast","C3(1)/Tag","unsorted","tumor","10X","GEMM"
"GSM5974490_AACTCCCCATCACGTA-1","GSM5974490","GSE199515","Breast","Breast","C3(1)/Tag","unsorted","tumor","10X","GEMM"
"GSM5974491_AAAGCAAAGTGCGTGA-1","GSM5974491","GSE199515","Breast","Breast","C3(1)/Tag","unsorted","tumor","10X","GEMM"
"GSM5974492_AAAGATGCAGACAAGC-1","GSM5974492","GSE199515","Breast","Breast","C3(1)/Tag","unsorted","tumor","10X","GEMM"
"GSM5974493_ACACCCTGTGTGTGCC-1","GSM5974493","GSE199515","Breast","Breast","MMTV-PyMT","unsorted","tumor","10X","GEMM"
"GSM5974494_AACCGCGAGGCATGGT-1","GSM5974494","GSE199515","Breast","Breast","MMTV-PyMT","unsorted","tumor","10X","GEMM"
"GSM5974495_ACAGCCGCACTGAAGG-1","GSM5974495","GSE199515","Breast","Breast","MMTV-PyMT","unsorted","tumor","10X","GEMM"
"GSM5974496_AAAGCAAAGGTGGGTT-1","GSM5974496","GSE199515","Breast","Breast","MMTV-PyMT","unsorted","tumor","10X","GEMM"
"GSM5974497_AAATGCCGTATATGAG-1","GSM5974497","GSE199515","Pancreas","PDAC","Ptf1aCreER;LSL-KrasG12D/+","unsorted","tumor","10X","GEMM"
"GSM5974498_AAAGATGCACGACTCG-1","GSM5974498","GSE199515","Breast","Breast","WT","unsorted","normal","10X","Normal"
"GSM6046160_AAACGCTAGTGGTTCT-1_1","GSM6046160","GSE200903","Pancreas","PDAC","Pdx1Flp;FSF-KrasG12D/+;Trp53frt/+","Cd45+ or Cd31+ or Epcam+","tumor","10X","GEMM"
"GSM6046161_AAAGGTACACCCTATC-1_2","GSM6046161","GSE200903","Pancreas","PDAC","Pdx1Flp;FSF-KrasG12D/+;Trp53frt/+","Pdpn+ or Pdgfra+ or Tdt+","tumor","10X","GEMM"
"GSM6046162_AAAGGTAAGTAAACGT-1_3","GSM6046162","GSE200903","Pancreas","PDAC","Pdx1Flp;FSF-KrasG12D/+;Trp53frt/+","Cd45+ or Cd31+ or Epcam+","tumor","10X","GEMM"
"GSM6046163_AAAGGTACACAGACGA-1_4","GSM6046163","GSE200903","Pancreas","PDAC","Pdx1Flp;FSF-KrasG12D/+;Trp53frt/+","Pdpn+ or Pdgfra+ or Tdt+","tumor","10X","GEMM"
"GSM6046164_AACCTTTGTGCTCTTC-1_5","GSM6046164","GSE200903","Pancreas","PDAC","Isl1Cre","Cd45+ or Cd31+ or Epcam+","normal","10X","GEMM"
"GSM6046165_AAAGGATCACGCTATA-1_6","GSM6046165","GSE200903","Pancreas","PDAC","Isl1Cre","Cd45+ or Cd31+ or Epcam+","normal","10X","GEMM"
"GSM6046166_AAAGAACCACTAACCA-1_7","GSM6046166","GSE200903","Pancreas","PDAC","Isl1Cre","Pdpn+ or Pdgfra+ or Tdt+","normal","10X","GEMM"
"GSM6046167_AAAGGGCAGTCTTCCC-1_8","GSM6046167","GSE200903","Pancreas","PDAC","Isl1Cre","Pdpn+ or Pdgfra+ or Tdt+","normal","10X","GEMM"
"GSM6084973_AACTCTTAGGGCACTA-1","GSM6084973","GSE201956","Prostate","Prostate","Tmprss2CreER;ETV4AAA","unsorted","tumor","10X","GEMM"
"GSM6084974_AACTCAGTCTCATTCA-1","GSM6084974","GSE201956","Prostate","Prostate","Tmprss2CreER;ETV4AAA","unsorted","tumor","10X","GEMM"
"GSM6084975_AAACCTGCAGCGAACA-1","GSM6084975","GSE201956","Prostate","Prostate","Tmprss2CreER;ETV4AAA","unsorted","tumor","10X","GEMM"
"GSM6084976_AAAGTAGAGAATGTTG-1","GSM6084976","GSE201956","Prostate","Prostate","Tmprss2CreER;ETV4AAA","unsorted","tumor","10X","GEMM"
"GSM6084977_AACGTTGTCCAAAGTC-1","GSM6084977","GSE201956","Prostate","Prostate","Tmprss2CreER;ETV4AAA","unsorted","tumor","10X","GEMM"
"GSM6084978_AATCGGTTCACCTCGT-1","GSM6084978","GSE201956","Prostate","Prostate","Tmprss2CreER;ETV4AAA","unsorted","tumor","10X","GEMM"
"GSM6084979_ACGTCAAAGATCCCAT-1","GSM6084979","GSE201956","Prostate","Prostate","Tmprss2CreER;ETV4AAA;Trp53fl/fl","unsorted","tumor","10X","GEMM"
"GSM6084980_AAAGTAGAGAGCCTAG-1","GSM6084980","GSE201956","Prostate","Prostate","Tmprss2CreER;ETV4AAA;Trp53fl/fl","unsorted","tumor","10X","GEMM"
"GSM6084981_AAATGCCGTCGACTAT-1","GSM6084981","GSE201956","Prostate","Prostate","Tmprss2CreER;ETV4AAA;Trp53fl/fl","unsorted","tumor","10X","GEMM"
"GSM6084982_AAGACCTAGTTAGGTA-1","GSM6084982","GSE201956","Prostate","Prostate","Tmprss2CreER;ETV4AAA;Trp53fl/fl","unsorted","tumor","10X","GEMM"
"GSM6084983_ACAGCTATCCCAAGTA-1","GSM6084983","GSE201956","Prostate","Prostate","Tmprss2CreER;ETV4AAA;Trp53fl/fl","unsorted","tumor","10X","GEMM"
"GSM6084984_AACTGGTGTACAAGTA-1","GSM6084984","GSE201956","Prostate","Prostate","Tmprss2CreER;ETV4AAA;Trp53fl/fl","unsorted","tumor","10X","GEMM"
"GSM6084985_AAAGATGTCCGTCAAA-1","GSM6084985","GSE201956","Prostate","Prostate","Tmprss2CreER","unsorted","normal","10X","GEMM"
"GSM6084986_AACGTTGAGAGACTAT-1","GSM6084986","GSE201956","Prostate","Prostate","Tmprss2CreER","unsorted","normal","10X","GEMM"
"GSM6084987_AACTGGTTCGGCTTGG-1","GSM6084987","GSE201956","Prostate","Prostate","Tmprss2CreER","unsorted","normal","10X","GEMM"
"GSM6084988_AAAGCAATCTCAACTT-1","GSM6084988","GSE201956","Prostate","Prostate","Tmprss2CreER","unsorted","normal","10X","GEMM"
"GSM6084989_AAAGCAAAGCCCGAAA-1","GSM6084989","GSE201956","Prostate","Prostate","Tmprss2CreER","unsorted","normal","10X","GEMM"
"GSM6084990_AACCATGGTATAGTAG-1","GSM6084990","GSE201956","Prostate","Prostate","Tmprss2CreER","unsorted","normal","10X","GEMM"
"GSM6084991_AACGTTGCAACGATCT-1","GSM6084991","GSE201956","Prostate","Prostate","Tmprss2CreER","unsorted","normal","10X","GEMM"
"GSM6084992_ACATACGGTTAAAGTG-1","GSM6084992","GSE201956","Prostate","Prostate","Tmprss2CreER","unsorted","normal","10X","GEMM"
"GSM6084993_AACTTTCGTCGGCATC-1","GSM6084993","GSE201956","Prostate","Prostate","Tmprss2CreER","unsorted","normal","10X","GEMM"
"GSM6084994_AAACCTGTCACAAACC-1","GSM6084994","GSE201956","Prostate","Prostate","Tmprss2CreER","unsorted","normal","10X","GEMM"
"GSM6084995_AACTGGTGTGTGACGA-1","GSM6084995","GSE201956","Prostate","Prostate","Tmprss2CreER","unsorted","normal","10X","GEMM"
"GSM6084996_ACGGAGAAGACTTGAA-1","GSM6084996","GSE201956","Prostate","Prostate","Tmprss2CreER","unsorted","normal","10X","GEMM"
"GSM6099382_120726943120755","GSM6099382","GSE202157","Lung","NSCLC","CreAd;LSL-KrasG12D/+;Trp53fl/fl","Cd45-","tumor","10X","GEMM"
"GSM6099384_120864485010851","GSM6099384","GSE202157","Lung","NSCLC","CreAd;LSL-KrasG12D/+;Trp53fl/fl","Cd45-","tumor","10X","GEMM"
"GSM6099395_120703436372403","GSM6099395","GSE202157","Lung","NSCLC","CreAd;LSL-KrasG12D/+;Trp53fl/fl","Cd45-","tumor","10X","GEMM"
"GSM6208739_CCCTCCTAACAA","GSM6208739","GSE205263","Breast","Breast","WapCre;Brca1fl/fl;Trp53fl/fl","unsorted","tumor","Drop-seq","GEMM"
"GSM6208740_GTGGTAGCGCCN","GSM6208740","GSE205263","Breast","Breast","WapCre;Brca1fl/fl;Trp53fl/fl","unsorted","tumor","Drop-seq","GEMM"
"GSM6208741_TGTAGGATTCGC","GSM6208741","GSE205263","Breast","Breast","WapCre;Brca1fl/fl;Trp53fl/fl","unsorted","tumor","Drop-seq","GEMM"
"GSM6208742_GTTTAGTGGTAT","GSM6208742","GSE205263","Breast","Breast","WapCre;Brca1fl/fl;Trp53fl/fl","unsorted","tumor","Drop-seq","GEMM"
"GSM6208743_ACGATGATTCCT","GSM6208743","GSE205263","Breast","Breast","WapCre;Brca1fl/fl;Trp53fl/fl;Col1a1invCAG-Myc","unsorted","tumor","Drop-seq","GEMM"
"GSM6208744_ACAGGCTAGCTA","GSM6208744","GSE205263","Breast","Breast","WapCre;Brca1fl/fl;Trp53fl/fl;Col1a1invCAG-Myc","unsorted","tumor","Drop-seq","GEMM"
"GSM6208745_ACGTTCACGACC","GSM6208745","GSE205263","Breast","Breast","WapCre;Brca1fl/fl;Trp53fl/fl;Col1a1invCAG-Myc","unsorted","tumor","Drop-seq","GEMM"
"GSM6208746_ATAACTTAATTG","GSM6208746","GSE205263","Breast","Breast","WapCre;Brca1fl/fl;Trp53fl/fl;Col1a1invCAG-Myc","unsorted","tumor","Drop-seq","GEMM"
"GSM6208747_GAATCCGTTAGA","GSM6208747","GSE205263","Breast","Breast","WapCre;Brca1fl/fl;Trp53fl/fl","unsorted","tumor","Drop-seq","GEMM"
"GSM6208748_CTACGTTTTTGC","GSM6208748","GSE205263","Breast","Breast","WapCre;Brca1fl/fl;Trp53fl/fl","unsorted","tumor","Drop-seq","GEMM"
"GSM6208749_AGTCATGCCGTA","GSM6208749","GSE205263","Breast","Breast","WapCre;Brca1fl/fl;Trp53fl/fl","unsorted","tumor","Drop-seq","GEMM"
"GSM6208750_CGTAGTCGTTTC","GSM6208750","GSE205263","Breast","Breast","WapCre;Brca1fl/fl;Trp53fl/fl","unsorted","tumor","Drop-seq","GEMM"
"GSM6208751_CTATTCAGCATT","GSM6208751","GSE205263","Breast","Breast","WapCre;Brca1fl/fl;Trp53fl/fl;Col1a1invCAG-Myc","unsorted","tumor","Drop-seq","GEMM"
"GSM6208752_GCTCGTTCTTAA","GSM6208752","GSE205263","Breast","Breast","WapCre;Brca1fl/fl;Trp53fl/fl;Col1a1invCAG-Myc","unsorted","tumor","Drop-seq","GEMM"
"GSM6208753_GCAAACGCCTAG","GSM6208753","GSE205263","Breast","Breast","WapCre;Brca1fl/fl;Trp53fl/fl;Col1a1invCAG-Myc","unsorted","tumor","Drop-seq","GEMM"
"GSM6208754_CGACACATGAAC","GSM6208754","GSE205263","Breast","Breast","WapCre;Brca1fl/fl;Trp53fl/fl;Col1a1invCAG-Myc","unsorted","tumor","Drop-seq","GEMM"
"GSM6618513_AAACGAAAGGCAGGGA-1","GSM6618513","GSE205263","Breast","Breast","WapCre;Cdh1fl/fl;Ptenfl/fl","unsorted","tumor","10X","GEMM"
"GSM6618514_AAACGAATCCTGTAAG-1","GSM6618514","GSE205263","Breast","Breast","WapCre;Cdh1fl/fl;Col1a1invCAG-Pik3caH1047R","unsorted","tumor","10X","GEMM"
"GSM6428966_120772980325286","GSM6428966","GSE210358","Prostate","Prostate","PbCre;Ptenfl/fl;Rb1fl/fl","unsorted","tumor","10X","GEMM"
"GSM6428967_120864516761518","GSM6428967","GSE210358","Prostate","Prostate","PbCre;Ptenfl/fl;Rb1fl/fl","unsorted","tumor","10X","GEMM"
"GSM6428968_120786758515508","GSM6428968","GSE210358","Prostate","Prostate","PbCre;Ptenfl/fl;Rb1fl/fl","unsorted","tumor","10X","GEMM"
"GSM6428969_120797898096053","GSM6428969","GSE210358","Prostate","Prostate","PbCre;Ptenfl/fl;Rb1fl/fl","unsorted","tumor","10X","GEMM"
"GSM6428970_121276814251812","GSM6428970","GSE210358","Prostate","Prostate","PbCre;Ptenfl/fl;Rb1fl/fl","unsorted","tumor","10X","GEMM"
"GSM6428971_122308385003765","GSM6428971","GSE210358","Prostate","Prostate","PbCre;Ptenfl/fl;Rb1fl/fl","unsorted","tumor","10X","GEMM"
"GSM6428972_120864470161116","GSM6428972","GSE210358","Prostate","Prostate","PbCre;Ptenfl/fl;Rb1fl/fl","unsorted","tumor","10X","GEMM"
"GSM6428979_121337990207916","GSM6428979","GSE210358","Prostate","Prostate","PbCre;Ptenfl/fl;Rb1fl/fl;Trp53fl/fl","unsorted","tumor","10X","GEMM"
"GSM6428980_120703409601323","GSM6428980","GSE210358","Prostate","Prostate","PbCre;Ptenfl/fl;Rb1fl/fl;Trp53fl/fl","unsorted","tumor","10X","GEMM"
"GSM6428981_125197064525731","GSM6428981","GSE210358","Prostate","Prostate","PbCre;Ptenfl/fl;Rb1fl/fl;Trp53fl/fl","unsorted","tumor","10X","GEMM"
"GSM6428982_120772980271515","GSM6428982","GSE210358","Prostate","Prostate","PbCre;Ptenfl/fl;Rb1fl/fl;Trp53fl/fl","unsorted","tumor","10X","GEMM"
"GSM6428983_121276814977332","GSM6428983","GSE210358","Prostate","Prostate","PbCre;Ptenfl/fl;Rb1fl/fl;Trp53fl/fl","unsorted","tumor","10X","GEMM"
"GSM6428984_120864498145643","GSM6428984","GSE210358","Prostate","Prostate","PbCre;Ptenfl/fl;Rb1fl/fl;Trp53fl/fl","unsorted","tumor","10X","GEMM"
"GSM6428985_121337990538981","GSM6428985","GSE210358","Prostate","Prostate","PbCre;Ptenfl/fl;Rb1fl/fl;Trp53fl/fl","unsorted","tumor","10X","GEMM"
"GSM6428986_120786804205355","GSM6428986","GSE210358","Prostate","Prostate","WT","unsorted","normal","10X","Normal"
"GSM6428987_121955419310949","GSM6428987","GSE210358","Prostate","Prostate","WT","unsorted","normal","10X","Normal"
"GSM6428988_120703409318622","GSM6428988","GSE210358","Prostate","Prostate","WT","unsorted","normal","10X","Normal"
"GSM6428989_121812464589550","GSM6428989","GSE210358","Prostate","Prostate","WT","unsorted","normal","10X","Normal"
"GSM6428990_122293399009118","GSM6428990","GSE210358","Prostate","Prostate","WT","unsorted","normal","10X","Normal"
"GSM6428991_126293995317669","GSM6428991","GSE210358","Prostate","Prostate","WT","unsorted","normal","10X","Normal"
"GSM6428992_122282749095197","GSM6428992","GSE210358","Prostate","Prostate","WT","unsorted","normal","10X","Normal"
"GSM6428993_121826168130283","GSM6428993","GSE210358","Prostate","Prostate","WT","unsorted","normal","10X","Normal"
"GSM6428994_120726897187115","GSM6428994","GSE210358","Prostate","Prostate","WT","unsorted","normal","10X","Normal"
"GSM6533096_AAACGAACATAGGTTC-1","GSM6533096","GSE212482","Breast","Breast","MMTV-PyMT","unsorted","tumor","10X","GEMM"
"GSM6543819_AAACGCGCATAATTGC-1","GSM6543819","GSE212482","Breast","Breast","MMTV-PyMT","unsorted","normal","10X","GEMM"
"GSM6543820_AAGTGTTGTGTTGTGA-1","GSM6543820","GSE212482","Breast","Breast","MMTV-PyMT","unsorted","normal","10X","GEMM"
"GSM6543821_AGCACTTAGCAAGGAC-1","GSM6543821","GSE212482","Breast","Breast","MMTV-PyMT","unsorted","normal","10X","GEMM"
"GSM6543822_AAACAGCCAACACCTA-1","GSM6543822","GSE212482","Breast","Breast","MMTV-PyMT","unsorted","tumor","10X","GEMM"
"GSM6543823_AAAGGACGTTACAACG-1","GSM6543823","GSE212482","Breast","Breast","MMTV-PyMT","unsorted","tumor","10X","GEMM"
"GSM6543824_AAAGGTTAGATAACCC-1","GSM6543824","GSE212482","Breast","Breast","MMTV-PyMT","unsorted","tumor","10X","GEMM"
"GSM6543825_AACATTGTCCTTCTAG-1","GSM6543825","GSE212482","Breast","Breast","MMTV-PyMT","unsorted","tumor","10X","GEMM"
"GSM6543826_AAGTGAAGTCCCGGAA-1","GSM6543826","GSE212482","Breast","Breast","MMTV-PyMT","unsorted","tumor","10X","GEMM"
"GSM6543827_AAACGTACACCCTCAC-1","GSM6543827","GSE212482","Breast","Breast","MMTV-PyMT","unsorted","tumor","10X","GEMM"
"GSM6756335_AAAGTCCTCCAGTTCC-1","GSM6756335","GSE218774","Breast","Breast","Orthotopic 4T1","unsorted","tumor","10X","Orthotopic"
"GSM6756336_AAACCCAAGGTGCAGT-1","GSM6756336","GSE218774","Breast","Breast","Orthotopic 4T1","unsorted","tumor","10X","Orthotopic"
"GSM6756337_AATGGAACACTTCCTG-1","GSM6756337","GSE218774","Breast","Breast","Orthotopic 4T1","unsorted","tumor","10X","Orthotopic"
"GSM6756341_AAACGAAAGCCGATAG-1","GSM6756341","GSE218774","Breast","Breast","Orthotopic 4T1","unsorted","tumor","10X","Orthotopic"
"GSM6756342_GCTACAAGTATGGAGC-1","GSM6756342","GSE218774","Breast","Breast","Orthotopic 4T1","unsorted","tumor","10X","Orthotopic"
"GSM6756343_CCTTTGGCAAACTGCT-1","GSM6756343","GSE218774","Breast","Breast","Orthotopic 4T1","unsorted","tumor","10X","Orthotopic"
"GSM6756347_AAAGTGACATGGGATG-1","GSM6756347","GSE218774","Breast","Breast","Orthotopic 4T1","unsorted","tumor","10X","Orthotopic"
"GSM6756348_AAACCCATCTAGAACC-1","GSM6756348","GSE218774","Breast","Breast","Orthotopic 4T1","unsorted","tumor","10X","Orthotopic"
"GSM6756349_AAGGAATCAGGTATGG-1","GSM6756349","GSE218774","Breast","Breast","Orthotopic 4T1","unsorted","tumor","10X","Orthotopic"
"GSM6756353_AAGGAATCAAGCGCAA-1","GSM6756353","GSE218774","Breast","Breast","Orthotopic 4T1","unsorted","tumor","10X","Orthotopic"
"GSM6756354_AACCCAAGTTCTCCCA-1","GSM6756354","GSE218774","Breast","Breast","Orthotopic 4T1","unsorted","tumor","10X","Orthotopic"
"GSM6756355_AATCGTGGTCACTAGT-1","GSM6756355","GSE218774","Breast","Breast","Orthotopic 4T1","unsorted","tumor","10X","Orthotopic"
"GSM6756359_AAAGTCCAGCGCAATG-1","GSM6756359","GSE218774","Breast","Breast","Orthotopic D2A1-m2","unsorted","tumor","10X","Orthotopic"
"GSM6756360_AACCAACAGCCGTCGT-1","GSM6756360","GSE218774","Breast","Breast","Orthotopic D2A1-m2","unsorted","tumor","10X","Orthotopic"
"GSM6756361_AAACGCTGTGGGACAT-1","GSM6756361","GSE218774","Breast","Breast","Orthotopic D2A1-m2","unsorted","tumor","10X","Orthotopic"
"GSM6756369_AACAACCAGCCGTAAG-1","GSM6756369","GSE218774","Breast","Breast","Orthotopic D2A1-m2","unsorted","tumor","10X","Orthotopic"
"GSM6756370_AAAGGATGTGCTGCAC-1","GSM6756370","GSE218774","Breast","Breast","Orthotopic D2A1-m2","unsorted","tumor","10X","Orthotopic"
"GSM6756371_AAAGGTAAGCGTTACT-1","GSM6756371","GSE218774","Breast","Breast","Orthotopic D2A1-m2","unsorted","tumor","10X","Orthotopic"
"GSM6806631_AAAGTGACATGGGTCC-1","GSM6806631","GSE220540","Lung","EHE","Cdh5CreER;WWTR1(TAZ)-CAMTA1+/+;CDKN2Afl/fl","unsorted","tumor","10X","GEMM"
"GSM6806632_AAACGAACACCTCAGG-1","GSM6806632","GSE220540","Muscle","EHE","Cdh5CreER;WWTR1(TAZ)-CAMTA1+/+;CDKN2Afl/fl","unsorted","tumor","10X","GEMM"
"GSM6806633_AAACCCAGTTATGGTC-1","GSM6806633","GSE220540","Lung","EHE","Cdh5CreER;WWTR1(TAZ)-CAMTA1+/+","unsorted","tumor","10X","GEMM"
"GSM6806634_AACAACCAGGTGCTAG-1","GSM6806634","GSE220540","Liver","EHE","Cdh5CreER;WWTR1(TAZ)-CAMTA1+/+","unsorted","tumor","10X","GEMM"
"GSM6806635_AAAGGTAAGAGCCGTA-1","GSM6806635","GSE220540","Muscle","EHE","Cdh5CreER;WWTR1(TAZ)-CAMTA1+/+","unsorted","tumor","10X","GEMM"
"GSM6806636_AAAGAACGTACAGCGA-1","GSM6806636","GSE220540","Lung","EHE","Cdh5CreER;WWTR1(TAZ)-CAMTA1+/+","unsorted","normal","10X","GEMM"
"GSM6806637_AAAGAACCATTACTCT-1","GSM6806637","GSE220540","Liver","EHE","Cdh5CreER;WWTR1(TAZ)-CAMTA1+/+","unsorted","normal","10X","GEMM"
"GSM6806638_AAGACAAAGTGCAACG-1","GSM6806638","GSE220540","Muscle","EHE","Cdh5CreER;WWTR1(TAZ)-CAMTA1+/+","unsorted","normal","10X","GEMM"
"GSM7047711_AAACGCTTCCGTGCGA-1","GSM7047711","GSE225381","Liver","HCC","DIAMOND","unsorted","normal","10X","Environmental"
"GSM7047712_AAACCCATCGCGATCG-1","GSM7047712","GSE225381","Liver","HCC","DIAMOND","unsorted","normal","10X","Environmental"
"GSM7047715_AAACCCAAGACTCAAA-1","GSM7047715","GSE225381","Liver","HCC","DIAMOND HFD","unsorted","tumor","10X","Environmental"
"GSM7047716_AAATGGAGTGTTACAC-1","GSM7047716","GSE225381","Liver","HCC","DIAMOND HFD","unsorted","tumor","10X","Environmental"
"GSM7139805_GCATCTCGTGTGTACT-1","GSM7139805","GSE228836","Pancreas","PDAC","Orthotopic PDA","Cd45-/Epcam-","tumor","10X","Orthotopic"
"GSM7139807_AGAAGCGAGGGACCAT-1","GSM7139807","GSE228836","Pancreas","PDAC","Orthotopic PDA","Cd45-/Epcam-","tumor","10X","Orthotopic"
"GSM7139809_AACAAGATCTAGTGTG-1","GSM7139809","GSE228836","Pancreas","PDAC","Orthotopic PDA","Cd45-/Epcam-","tumor","10X","Orthotopic"
"GSM7139811_GGGTGTCTCCCTCGAT-1","GSM7139811","GSE228836","Pancreas","PDAC","Orthotopic PDA","Cd45-/Epcam-","tumor","10X","Orthotopic"
"GSM7157178_AAACCCAAGGACGGAG-1","GSM7157178","GSE229226","Adrenal gland","NB","DbhiCre;LSL-MYCN","unsorted","tumor","10X","GEMM"
"GSM7157179_AAACGCTGTGTCCACG-1","GSM7157179","GSE229226","Adrenal gland","NB","DbhiCre;LSL-MYCN","unsorted","tumor","10X","GEMM"
"GSM7157184_AAAGAACGTTTGATCG-1","GSM7157184","GSE229226","Adrenal gland","NB","DbhiCre;LSL-MYCN","unsorted","tumor","10X","GEMM"
"GSM7157185_AAAGAACGTTCCAAAC-1","GSM7157185","GSE229226","Adrenal gland","NB","DbhiCre;LSL-MYCN","unsorted","tumor","10X","GEMM"
"GSM7157186_AACCAACAGGAACGCT-1","GSM7157186","GSE229226","Adrenal gland","NB","DbhiCre;LSL-MYCN","unsorted","tumor","10X","GEMM"
